gender,race_ethnicity,parental_level_of_education,lunch,test_preparation_course,math_score,reading_score,writing_score,math_score_predicted,math_score_predicted_linear_regression
female,group B,bachelor's degree,standard,none,72,72,74,66.078125,66.078125
female,group C,some college,standard,completed,69,90,88,78.15625,78.15625
female,group B,master's degree,standard,none,90,95,93,84.734375,84.734375
male,group A,associate's degree,free/reduced,none,47,57,44,50.6875,50.6875
male,group C,some college,standard,none,76,78,75,82.140625,82.140625
female,group B,associate's degree,standard,none,71,83,78,72.296875,72.296875
female,group B,some college,standard,completed,88,95,92,82.859375,82.859375
male,group B,some college,free/reduced,none,40,43,39,44.703125,44.703125
male,group D,high school,free/reduced,completed,64,64,67,65.671875,65.671875
female,group B,high school,free/reduced,none,38,60,50,43.71875,43.71875
male,group C,associate's degree,standard,none,58,54,52,58.890625,58.890625
male,group D,associate's degree,standard,none,40,52,43,51.5625,51.5625
female,group B,high school,standard,none,65,81,73,69.0625,69.0625
male,group A,some college,standard,completed,78,72,70,74.421875,74.421875
female,group A,master's degree,standard,none,50,53,58,49.53125,49.53125
female,group C,some high school,standard,none,69,75,78,70.53125,70.53125
male,group C,high school,standard,none,88,89,86,92.640625,92.640625
female,group B,some high school,free/reduced,none,18,32,28,21.0625,21.0625
male,group C,master's degree,free/reduced,completed,46,42,46,43.4375,43.4375
female,group C,associate's degree,free/reduced,none,54,58,61,49.765625,49.765625
male,group D,high school,standard,none,66,69,63,70.953125,70.953125
female,group B,some college,free/reduced,completed,65,75,70,58.46875,58.46875
male,group D,some college,standard,none,44,54,53,60.25,60.25
female,group C,some high school,standard,none,69,73,73,66.4375,66.4375
male,group D,bachelor's degree,free/reduced,completed,74,71,80,75.15625,75.15625
male,group A,master's degree,free/reduced,none,73,74,72,73.78125,73.78125
male,group B,some college,standard,none,69,54,55,62.625,62.625
female,group C,bachelor's degree,standard,none,67,69,75,65.46875,65.46875
male,group C,high school,standard,none,70,70,65,72.921875,72.921875
female,group D,master's degree,standard,none,62,70,75,64.890625,64.890625
female,group D,some college,standard,none,69,74,74,67.265625,67.265625
female,group B,some college,standard,none,63,65,61,56.640625,56.640625
female,group E,master's degree,free/reduced,none,56,72,65,59.984375,59.984375
male,group D,some college,standard,none,40,42,38,46.546875,46.546875
male,group E,some college,standard,none,97,87,82,94.671875,94.671875
male,group E,associate's degree,standard,completed,81,81,79,86.84375,86.84375
female,group D,associate's degree,standard,none,74,81,83,74.53125,74.53125
female,group D,some high school,free/reduced,none,50,64,59,50.109375,50.109375
female,group D,associate's degree,free/reduced,completed,75,90,88,73.21875,73.21875
male,group B,associate's degree,free/reduced,none,57,56,57,59.921875,59.921875
male,group C,associate's degree,free/reduced,none,55,61,54,58.234375,58.234375
female,group C,associate's degree,standard,none,58,73,68,62.046875,62.046875
female,group B,associate's degree,standard,none,53,58,65,57.03125,57.03125
male,group B,some college,free/reduced,completed,59,65,66,66.140625,66.140625
female,group E,associate's degree,free/reduced,none,50,56,54,49.53125,49.53125
male,group B,associate's degree,standard,none,65,54,57,63.171875,63.171875
female,group A,associate's degree,standard,completed,55,65,62,53.140625,53.140625
female,group C,high school,standard,none,66,71,76,68.296875,68.296875
female,group D,associate's degree,free/reduced,completed,57,74,76,60.765625,60.765625
male,group C,high school,standard,completed,82,84,82,85.25,85.25
male,group E,some college,standard,none,53,55,48,62.453125,62.453125
male,group E,associate's degree,free/reduced,completed,77,69,68,72.328125,72.328125
male,group C,some college,standard,none,53,44,42,50.203125,50.203125
male,group D,high school,standard,none,88,78,75,81.796875,81.796875
female,group C,some high school,free/reduced,completed,71,84,87,72.15625,72.15625
female,group C,high school,free/reduced,none,33,41,43,33.578125,33.578125
female,group E,associate's degree,standard,completed,82,85,86,79.953125,79.953125
male,group D,associate's degree,standard,none,52,55,49,56.625,56.625
male,group D,some college,standard,completed,58,59,58,61.703125,61.703125
female,group C,some high school,free/reduced,none,0,17,10,3.828125,3.828125
male,group E,bachelor's degree,free/reduced,completed,79,74,72,75.65625,75.65625
male,group A,some high school,free/reduced,none,39,39,34,39.96875,39.96875
male,group A,associate's degree,free/reduced,none,62,61,55,59.625,59.625
female,group C,associate's degree,standard,none,69,80,71,65.828125,65.828125
female,group D,some high school,standard,none,59,58,59,52.453125,52.453125
male,group B,some high school,standard,none,67,64,61,69.140625,69.140625
male,group D,some high school,free/reduced,none,45,37,37,40.75,40.75
female,group C,some college,standard,none,60,72,74,67.109375,67.109375
male,group B,associate's degree,free/reduced,none,61,58,56,59.671875,59.671875
female,group C,associate's degree,standard,none,39,64,57,51.921875,51.921875
female,group D,some college,free/reduced,completed,58,63,73,56.9375,56.9375
male,group D,some college,standard,completed,63,55,63,64.421875,64.421875
female,group A,associate's degree,free/reduced,none,41,51,48,39.3125,39.3125
male,group C,some high school,free/reduced,none,61,57,56,59.53125,59.53125
male,group C,some high school,standard,none,49,49,41,50.453125,50.453125
male,group B,associate's degree,free/reduced,none,44,41,38,42.609375,42.609375
male,group E,some high school,standard,none,30,26,22,36.625,36.625
male,group A,bachelor's degree,standard,completed,80,78,81,82.171875,82.171875
female,group D,some high school,standard,completed,61,74,72,62.3125,62.3125
female,group E,master's degree,standard,none,62,68,68,64.96875,64.96875
female,group B,associate's degree,standard,none,47,49,50,44.015625,44.015625
male,group B,high school,free/reduced,none,49,45,45,49.484375,49.484375
male,group A,some college,free/reduced,completed,50,47,54,53.25,53.25
male,group E,associate's degree,standard,none,72,64,63,74.546875,74.546875
male,group D,high school,free/reduced,none,42,39,34,39.15625,39.15625
female,group C,some college,standard,none,73,80,82,74.796875,74.796875
female,group C,some college,free/reduced,none,76,83,88,76.140625,76.140625
female,group D,associate's degree,standard,none,71,71,74,65.65625,65.65625
female,group A,some college,standard,none,58,70,67,62.203125,62.203125
female,group D,some high school,standard,none,73,86,82,75.703125,75.703125
female,group C,bachelor's degree,standard,none,65,72,74,65.4375,65.4375
male,group C,high school,free/reduced,none,27,34,36,39.734375,39.734375
male,group C,high school,standard,none,71,79,71,79.390625,79.390625
male,group C,associate's degree,free/reduced,completed,43,45,50,48.3125,48.3125
female,group B,some college,standard,none,79,86,92,84.09375,84.09375
male,group C,associate's degree,free/reduced,completed,78,81,82,79.96875,79.96875
male,group B,some high school,standard,completed,65,66,62,67.015625,67.015625
female,group E,some college,standard,completed,63,72,70,66.21875,66.21875
female,group D,some college,free/reduced,none,58,67,62,53.171875,53.171875
female,group D,bachelor's degree,standard,none,65,67,62,55.234375,55.234375
male,group B,some college,standard,none,79,67,67,74.390625,74.390625
male,group D,bachelor's degree,standard,completed,68,74,74,75.1875,75.1875
female,group D,associate's degree,standard,none,85,91,89,81.21875,81.21875
male,group B,high school,standard,completed,60,44,47,51.125,51.125
male,group C,some college,standard,completed,98,86,90,91.578125,91.578125
female,group C,some college,standard,none,58,67,72,64.484375,64.484375
female,group D,master's degree,standard,none,87,100,100,90.0625,90.0625
male,group E,associate's degree,standard,completed,66,63,64,71.75,71.75
female,group B,associate's degree,free/reduced,none,52,76,70,61.125,61.125
female,group B,some high school,standard,none,70,64,72,64.25,64.25
female,group D,associate's degree,free/reduced,completed,77,89,98,80.28125,80.28125
male,group C,high school,standard,none,62,55,49,57.796875,57.796875
male,group A,associate's degree,standard,none,54,53,47,55.671875,55.671875
female,group D,some college,standard,none,51,58,54,48.984375,48.984375
female,group E,bachelor's degree,standard,completed,99,100,100,92.890625,92.890625
male,group C,high school,standard,none,84,77,74,81.109375,81.109375
female,group B,bachelor's degree,free/reduced,none,75,85,82,71.203125,71.203125
female,group D,bachelor's degree,standard,none,78,82,79,71.109375,71.109375
female,group D,some high school,standard,none,51,63,61,55.078125,55.078125
female,group C,some college,standard,none,55,69,65,59.828125,59.828125
female,group C,bachelor's degree,standard,completed,79,92,89,77.671875,77.671875
male,group B,associate's degree,standard,completed,91,89,92,93.46875,93.46875
female,group C,some college,standard,completed,88,93,93,82.5,82.5
male,group D,high school,free/reduced,none,63,57,56,59.375,59.375
male,group E,some college,standard,none,83,80,73,86.484375,86.484375
female,group B,high school,standard,none,87,95,86,81.765625,81.765625
male,group B,some high school,standard,none,72,68,67,74.453125,74.453125
male,group D,some college,standard,completed,65,77,74,77.53125,77.53125
male,group D,master's degree,standard,none,82,82,74,79.84375,79.84375
female,group A,bachelor's degree,standard,none,51,49,51,44.0,44.0
male,group D,master's degree,standard,none,89,84,82,86.15625,86.15625
male,group C,some high school,free/reduced,completed,53,37,40,39.90625,39.90625
male,group E,some college,free/reduced,completed,87,74,70,75.84375,75.84375
female,group C,some college,standard,completed,75,81,84,73.15625,73.15625
male,group D,bachelor's degree,free/reduced,completed,74,79,75,73.359375,73.359375
male,group C,bachelor's degree,standard,none,58,55,48,55.453125,55.453125
male,group B,some high school,standard,completed,51,54,41,48.921875,48.921875
male,group E,high school,standard,none,70,55,56,68.265625,68.265625
female,group C,associate's degree,standard,none,59,66,67,59.703125,59.703125
male,group D,some college,standard,completed,71,61,69,70.1875,70.1875
female,group D,some high school,standard,none,76,72,71,64.4375,64.4375
female,group C,some college,free/reduced,none,59,62,64,53.78125,53.78125
female,group E,some college,free/reduced,completed,42,55,54,46.890625,46.890625
male,group A,high school,standard,none,57,43,47,54.234375,54.234375
male,group D,some college,standard,none,88,73,78,82.875,82.875
female,group C,some college,free/reduced,none,22,39,33,25.84375,25.84375
male,group B,some high school,standard,none,88,84,75,83.984375,83.984375
male,group C,associate's degree,free/reduced,none,73,68,66,68.609375,68.609375
female,group D,bachelor's degree,standard,completed,68,75,81,67.609375,67.609375
male,group E,associate's degree,free/reduced,completed,100,100,93,97.71875,97.71875
male,group A,some high school,standard,completed,62,67,69,72.359375,72.359375
male,group A,bachelor's degree,standard,none,77,67,68,73.46875,73.46875
female,group B,associate's degree,standard,completed,59,70,66,57.203125,57.203125
male,group D,bachelor's degree,standard,none,54,49,47,53.046875,53.046875
male,group D,some high school,standard,none,62,67,61,68.90625,68.90625
female,group C,some college,standard,completed,70,89,88,77.921875,77.921875
female,group E,high school,free/reduced,completed,66,74,78,68.734375,68.734375
male,group B,some college,free/reduced,none,60,60,60,63.9375,63.9375
female,group B,associate's degree,standard,completed,61,86,87,76.21875,76.21875
male,group D,associate's degree,free/reduced,none,66,62,64,65.484375,65.484375
male,group B,associate's degree,free/reduced,completed,82,78,74,74.078125,74.078125
female,group E,some college,free/reduced,completed,75,88,85,77.140625,77.140625
male,group B,master's degree,free/reduced,none,49,53,52,54.328125,54.328125
male,group C,high school,standard,none,52,53,49,57.359375,57.359375
female,group E,master's degree,standard,none,81,92,91,87.296875,87.296875
female,group C,bachelor's degree,standard,completed,96,100,100,87.546875,87.546875
male,group C,high school,free/reduced,completed,53,51,51,51.296875,51.296875
female,group B,master's degree,free/reduced,completed,58,76,78,62.375,62.375
female,group B,high school,standard,completed,68,83,78,69.84375,69.84375
female,group C,some college,free/reduced,completed,67,75,70,57.84375,57.84375
male,group A,high school,standard,completed,72,73,74,77.53125,77.53125
male,group E,some high school,standard,none,94,88,78,91.796875,91.796875
female,group D,some college,standard,none,79,86,81,75.140625,75.140625
female,group C,associate's degree,standard,none,63,67,70,62.109375,62.109375
female,group C,bachelor's degree,free/reduced,completed,43,51,54,38.96875,38.96875
female,group C,master's degree,standard,completed,81,91,87,75.46875,75.46875
female,group B,high school,free/reduced,completed,46,54,58,44.828125,44.828125
female,group C,associate's degree,standard,completed,71,77,77,66.1875,66.1875
female,group B,master's degree,free/reduced,completed,52,70,62,49.328125,49.328125
female,group D,some high school,standard,completed,97,100,100,88.734375,88.734375
male,group C,master's degree,free/reduced,completed,62,68,75,70.59375,70.59375
female,group C,some college,free/reduced,none,46,64,66,55.6875,55.6875
female,group E,high school,standard,none,50,50,47,47.640625,47.640625
female,group D,associate's degree,standard,none,65,69,70,62.28125,62.28125
male,group C,some high school,free/reduced,completed,45,52,49,49.9375,49.9375
male,group C,associate's degree,free/reduced,completed,65,67,65,64.328125,64.328125
male,group E,high school,standard,none,80,76,65,79.671875,79.671875
male,group D,some high school,standard,completed,62,66,68,70.453125,70.453125
male,group B,some high school,free/reduced,none,48,52,45,50.984375,50.984375
female,group C,bachelor's degree,standard,none,77,88,87,78.625,78.625
female,group E,associate's degree,standard,none,66,65,69,66.265625,66.265625
male,group D,some college,standard,completed,76,83,79,82.578125,82.578125
female,group B,some high school,standard,none,62,64,66,59.875,59.875
male,group D,some college,standard,completed,77,62,62,65.3125,65.3125
female,group C,master's degree,standard,completed,69,84,85,72.390625,72.390625
male,group D,associate's degree,standard,none,61,55,52,58.8125,58.8125
male,group C,some high school,free/reduced,completed,59,69,65,65.53125,65.53125
male,group E,high school,free/reduced,none,55,56,51,61.109375,61.109375
female,group B,some college,free/reduced,none,45,53,55,45.78125,45.78125
female,group B,bachelor's degree,free/reduced,none,78,79,76,65.453125,65.453125
female,group C,associate's degree,standard,completed,67,84,86,74.375,74.375
female,group D,some college,free/reduced,none,65,81,77,67.359375,67.359375
male,group C,associate's degree,standard,none,69,77,69,76.609375,76.609375
female,group B,associate's degree,standard,none,57,69,68,61.75,61.75
male,group C,some college,standard,none,59,41,42,49.515625,49.515625
male,group D,some high school,standard,completed,74,71,78,78.890625,78.890625
male,group E,bachelor's degree,standard,none,82,62,62,72.625,72.625
male,group E,high school,standard,completed,81,80,76,85.296875,85.296875
female,group B,some college,free/reduced,none,74,81,76,67.5625,67.5625
female,group B,some college,free/reduced,none,58,61,66,55.640625,55.640625
male,group D,some high school,free/reduced,completed,80,79,79,77.75,77.75
male,group C,some college,free/reduced,none,35,28,27,31.859375,31.859375
female,group C,high school,free/reduced,none,42,62,60,50.828125,50.828125
male,group C,associate's degree,free/reduced,completed,60,51,56,54.078125,54.078125
male,group E,high school,standard,completed,87,91,81,91.484375,91.484375
male,group B,some high school,standard,completed,84,83,75,80.421875,80.421875
female,group E,associate's degree,free/reduced,completed,83,86,88,77.921875,77.921875
female,group C,high school,free/reduced,none,34,42,39,30.890625,30.890625
male,group B,high school,free/reduced,none,66,77,70,75.125,75.125
male,group B,some high school,standard,completed,61,56,56,60.328125,60.328125
female,group D,high school,standard,completed,56,68,74,62.515625,62.515625
male,group B,associate's degree,standard,none,87,85,73,82.015625,82.015625
female,group C,some high school,free/reduced,none,55,65,62,52.828125,52.828125
male,group D,some high school,standard,none,86,80,75,82.109375,82.109375
female,group B,associate's degree,standard,completed,52,66,73,61.390625,61.390625
female,group E,master's degree,free/reduced,none,45,56,54,48.265625,48.265625
female,group C,some college,standard,none,72,72,71,64.921875,64.921875
male,group D,high school,standard,none,57,50,54,60.0,60.0
male,group A,some high school,free/reduced,none,68,72,64,69.484375,69.484375
female,group C,some college,standard,completed,88,95,94,83.6875,83.6875
male,group D,some college,standard,none,76,64,66,72.03125,72.03125
male,group C,associate's degree,standard,none,46,43,42,49.046875,49.046875
female,group B,bachelor's degree,standard,none,67,86,83,75.875,75.875
male,group E,some high school,standard,none,92,87,78,91.5625,91.5625
male,group C,bachelor's degree,standard,completed,83,82,84,84.625,84.625
male,group D,associate's degree,standard,none,80,75,77,81.65625,81.65625
male,group D,bachelor's degree,free/reduced,none,63,66,67,67.84375,67.84375
female,group D,some high school,standard,completed,64,60,74,60.53125,60.53125
male,group B,some college,standard,none,54,52,51,59.25,59.25
male,group C,associate's degree,standard,none,84,80,80,85.296875,85.296875
male,group D,high school,free/reduced,completed,73,68,66,65.875,65.875
female,group E,bachelor's degree,standard,none,80,83,83,79.890625,79.890625
female,group D,high school,standard,none,56,52,55,48.296875,48.296875
male,group E,some college,standard,none,59,51,43,57.890625,57.890625
male,group D,some high school,standard,none,75,74,69,76.359375,76.359375
male,group C,associate's degree,standard,none,85,76,71,77.828125,77.828125
male,group E,associate's degree,standard,none,89,76,74,85.359375,85.359375
female,group B,high school,standard,completed,58,70,68,59.546875,59.546875
female,group B,high school,standard,none,65,64,62,57.09375,57.09375
male,group C,high school,standard,none,68,60,53,61.890625,61.890625
male,group A,some high school,standard,completed,47,49,49,53.609375,53.609375
female,group D,some college,free/reduced,none,71,83,83,72.203125,72.203125
female,group B,some high school,standard,completed,60,70,70,60.859375,60.859375
male,group D,master's degree,standard,none,80,80,72,77.921875,77.921875
male,group D,high school,standard,none,54,52,52,59.015625,59.015625
female,group E,some college,standard,none,62,73,70,69.765625,69.765625
female,group C,associate's degree,free/reduced,none,64,73,68,58.328125,58.328125
male,group C,associate's degree,standard,completed,78,77,77,79.109375,79.109375
female,group B,some college,standard,none,70,75,78,71.34375,71.34375
female,group C,master's degree,free/reduced,completed,65,81,81,65.078125,65.078125
female,group C,some high school,free/reduced,completed,64,79,77,63.703125,63.703125
male,group C,some college,standard,completed,79,79,78,81.21875,81.21875
female,group C,some high school,free/reduced,none,44,50,51,41.34375,41.34375
female,group E,high school,standard,none,99,93,90,88.9375,88.9375
male,group D,high school,standard,none,76,73,68,75.53125,75.53125
male,group D,some high school,free/reduced,none,59,42,41,44.828125,44.828125
female,group C,bachelor's degree,standard,none,63,75,81,71.234375,71.234375
female,group D,high school,standard,none,69,72,77,68.953125,68.953125
female,group D,associate's degree,standard,completed,88,92,95,82.5,82.5
female,group E,some college,free/reduced,none,71,76,70,66.734375,66.734375
male,group C,bachelor's degree,standard,none,69,63,61,66.796875,66.796875
male,group C,some college,standard,none,58,49,42,51.359375,51.359375
female,group D,associate's degree,free/reduced,none,47,53,58,46.109375,46.109375
female,group D,some college,standard,none,65,70,71,64.140625,64.140625
male,group B,some college,standard,completed,88,85,76,81.78125,81.78125
male,group C,bachelor's degree,standard,none,83,78,73,79.015625,79.015625
female,group C,some high school,standard,completed,85,92,93,82.078125,82.078125
female,group E,high school,standard,completed,59,63,75,67.71875,67.71875
female,group C,some high school,free/reduced,none,65,86,80,70.8125,70.8125
male,group B,bachelor's degree,free/reduced,none,73,56,57,59.171875,59.171875
male,group D,high school,standard,none,53,52,42,51.71875,51.71875
male,group D,high school,standard,none,45,48,46,53.71875,53.71875
female,group D,bachelor's degree,free/reduced,none,73,79,84,70.34375,70.34375
female,group D,some college,free/reduced,completed,70,78,78,64.0625,64.0625
female,group B,some high school,standard,none,37,46,46,41.140625,41.140625
male,group B,associate's degree,standard,completed,81,82,82,84.5625,84.5625
male,group E,associate's degree,standard,completed,97,82,88,93.640625,93.640625
female,group B,some high school,standard,none,67,89,82,77.34375,77.34375
male,group B,bachelor's degree,free/reduced,none,88,75,76,77.421875,77.421875
male,group E,some high school,standard,completed,77,76,77,84.96875,84.96875
male,group C,associate's degree,standard,none,76,70,68,74.234375,74.234375
male,group D,some high school,standard,none,86,73,70,76.859375,76.859375
male,group C,some high school,standard,completed,63,60,57,61.328125,61.328125
female,group E,bachelor's degree,standard,none,65,73,75,71.75,71.75
male,group D,high school,free/reduced,completed,78,77,80,78.15625,78.15625
male,group B,associate's degree,free/reduced,none,67,62,60,63.5,63.5
male,group A,some high school,standard,completed,46,41,43,47.390625,47.390625
male,group E,associate's degree,standard,completed,71,74,68,77.203125,77.203125
male,group C,high school,free/reduced,completed,40,46,50,49.421875,49.421875
male,group D,associate's degree,free/reduced,none,90,87,75,79.265625,79.265625
male,group A,some college,free/reduced,completed,81,78,81,80.109375,80.109375
male,group D,some high school,free/reduced,none,56,54,52,55.609375,55.609375
female,group C,associate's degree,standard,completed,67,84,81,70.734375,70.734375
male,group B,associate's degree,standard,none,80,76,64,73.375,73.375
female,group C,associate's degree,standard,completed,74,75,83,70.109375,70.109375
male,group A,some college,standard,none,69,67,69,75.859375,75.859375
male,group E,some college,standard,completed,99,87,81,90.59375,90.59375
male,group C,some high school,standard,none,51,52,44,53.34375,53.34375
female,group B,associate's degree,free/reduced,none,53,71,67,57.78125,57.78125
female,group D,high school,free/reduced,none,49,57,52,43.546875,43.546875
female,group B,associate's degree,standard,none,73,76,80,72.125,72.125
male,group B,bachelor's degree,standard,none,66,60,57,63.8125,63.8125
male,group D,bachelor's degree,standard,completed,67,61,68,67.8125,67.8125
female,group C,associate's degree,free/reduced,completed,68,67,69,54.328125,54.328125
female,group C,bachelor's degree,standard,completed,59,64,75,61.0,61.0
male,group C,high school,standard,none,71,66,65,72.015625,72.015625
female,group D,master's degree,standard,completed,77,82,91,76.015625,76.015625
male,group C,associate's degree,standard,none,83,72,78,82.015625,82.015625
male,group B,bachelor's degree,standard,none,63,71,69,75.109375,75.109375
female,group D,associate's degree,free/reduced,none,56,65,63,52.515625,52.515625
female,group C,high school,free/reduced,completed,67,79,84,68.921875,68.921875
female,group E,high school,standard,none,75,86,79,79.296875,79.296875
female,group C,some college,standard,none,71,81,80,73.546875,73.546875
female,group C,some high school,free/reduced,none,43,53,53,43.515625,43.515625
female,group C,high school,free/reduced,none,41,46,43,34.734375,34.734375
female,group C,some college,standard,none,82,90,94,85.859375,85.859375
male,group C,some college,standard,none,61,61,62,68.703125,68.703125
male,group A,some college,free/reduced,none,28,23,19,25.53125,25.53125
male,group C,associate's degree,standard,completed,82,75,77,78.65625,78.65625
female,group B,some high school,standard,none,41,55,51,46.859375,46.859375
male,group C,high school,standard,none,71,60,61,67.703125,67.703125
male,group C,associate's degree,standard,none,47,37,35,42.578125,42.578125
male,group E,associate's degree,standard,completed,62,56,53,62.109375,62.109375
male,group B,associate's degree,standard,none,90,78,81,86.234375,86.234375
female,group C,bachelor's degree,standard,none,83,93,95,85.609375,85.609375
female,group B,some college,free/reduced,none,61,68,66,57.265625,57.265625
male,group D,some high school,standard,completed,76,70,69,72.09375,72.09375
male,group C,associate's degree,standard,none,49,51,43,51.640625,51.640625
female,group B,some high school,free/reduced,none,24,38,27,21.71875,21.71875
female,group D,some high school,free/reduced,completed,35,55,60,45.4375,45.4375
male,group C,high school,free/reduced,none,58,61,52,57.65625,57.65625
female,group C,high school,standard,none,61,73,63,59.28125,59.28125
female,group B,high school,standard,completed,69,76,74,65.3125,65.3125
male,group D,associate's degree,standard,completed,67,72,67,70.375,70.375
male,group D,some college,standard,none,79,73,67,74.859375,74.859375
female,group C,high school,standard,none,72,80,75,69.640625,69.640625
male,group B,some college,standard,none,62,61,57,65.703125,65.703125
female,group C,bachelor's degree,standard,completed,77,94,95,82.515625,82.515625
male,group D,high school,free/reduced,none,75,74,66,70.59375,70.59375
male,group E,associate's degree,standard,none,87,74,76,86.359375,86.359375
female,group B,bachelor's degree,standard,none,52,65,69,60.8125,60.8125
male,group E,some college,standard,none,66,57,52,65.859375,65.859375
female,group C,some college,standard,completed,63,78,80,69.546875,69.546875
female,group C,associate's degree,standard,none,46,58,57,50.546875,50.546875
female,group C,some college,standard,none,59,71,70,63.953125,63.953125
female,group B,bachelor's degree,standard,none,61,72,70,63.171875,63.171875
male,group A,associate's degree,standard,none,63,61,61,67.734375,67.734375
female,group C,some college,free/reduced,completed,42,66,69,55.03125,55.03125
male,group D,some college,free/reduced,none,59,62,61,64.203125,64.203125
female,group D,some college,standard,none,80,90,89,81.890625,81.890625
female,group B,high school,standard,none,58,62,59,54.453125,54.453125
male,group B,some high school,standard,completed,85,84,78,82.84375,82.84375
female,group C,some college,standard,none,52,58,58,52.203125,52.203125
female,group D,some high school,free/reduced,none,27,34,32,23.5,23.5
male,group C,some college,standard,none,59,60,58,65.578125,65.578125
male,group A,bachelor's degree,free/reduced,completed,49,58,60,58.515625,58.515625
male,group C,high school,standard,completed,69,58,53,58.09375,58.09375
male,group C,bachelor's degree,free/reduced,none,61,66,61,63.765625,63.765625
female,group A,some high school,free/reduced,none,44,64,58,50.34375,50.34375
female,group D,some high school,standard,none,73,84,85,77.4375,77.4375
male,group E,some college,standard,none,84,77,71,84.328125,84.328125
female,group C,some college,free/reduced,completed,45,73,70,57.390625,57.390625
male,group D,some high school,standard,none,74,74,72,78.546875,78.546875
female,group D,some college,standard,completed,82,97,96,85.296875,85.296875
female,group D,bachelor's degree,standard,none,59,70,73,63.953125,63.953125
male,group E,associate's degree,free/reduced,none,46,43,41,49.953125,49.953125
female,group D,some high school,standard,none,80,90,82,76.625,76.625
female,group D,master's degree,free/reduced,completed,85,95,100,81.875,81.875
female,group A,some high school,standard,none,71,83,77,72.3125,72.3125
male,group A,bachelor's degree,standard,none,66,64,62,68.390625,68.390625
female,group B,associate's degree,standard,none,80,86,83,76.625,76.625
male,group C,associate's degree,standard,completed,87,100,95,97.5625,97.5625
male,group C,master's degree,free/reduced,none,79,81,71,74.0,74.0
female,group E,some high school,free/reduced,none,38,49,45,42.078125,42.078125
female,group A,some high school,free/reduced,none,38,43,43,34.5625,34.5625
female,group E,some college,standard,none,67,76,75,74.109375,74.109375
female,group E,bachelor's degree,standard,none,64,73,70,68.109375,68.109375
female,group C,associate's degree,free/reduced,none,57,78,67,58.765625,58.765625
female,group D,high school,standard,none,62,64,64,57.625,57.625
male,group D,master's degree,standard,none,73,70,75,77.796875,77.796875
male,group E,some high school,free/reduced,completed,73,67,59,66.03125,66.03125
female,group D,some college,standard,none,77,68,77,68.0625,68.0625
male,group E,some college,standard,none,76,67,67,79.109375,79.109375
male,group C,associate's degree,standard,completed,57,54,56,58.484375,58.484375
female,group C,some high school,standard,completed,65,74,77,66.25,66.25
male,group A,high school,free/reduced,none,48,45,41,46.59375,46.59375
female,group B,high school,free/reduced,none,50,67,63,54.8125,54.8125
female,group C,associate's degree,standard,none,85,89,95,85.421875,85.421875
male,group B,some high school,standard,none,74,63,57,66.0,66.0
male,group D,some high school,standard,none,60,59,54,61.9375,61.9375
female,group C,some high school,standard,completed,59,54,67,54.328125,54.328125
male,group A,some college,standard,none,53,43,43,51.359375,51.359375
female,group A,some college,free/reduced,none,49,65,55,48.5625,48.5625
female,group D,high school,standard,completed,88,99,100,88.640625,88.640625
female,group C,high school,standard,none,54,59,62,55.296875,55.296875
female,group C,some high school,standard,none,63,73,68,62.78125,62.78125
male,group B,associate's degree,standard,completed,65,65,63,66.765625,66.765625
female,group B,associate's degree,standard,none,82,80,77,70.859375,70.859375
female,group D,high school,free/reduced,completed,52,57,56,43.125,43.125
male,group D,associate's degree,standard,completed,87,84,85,86.265625,86.265625
female,group D,master's degree,standard,completed,70,71,74,61.078125,61.078125
male,group E,some college,standard,completed,84,83,78,87.484375,87.484375
male,group D,associate's degree,standard,none,71,66,60,67.1875,67.1875
male,group B,some high school,standard,completed,63,67,67,70.890625,70.890625
female,group C,bachelor's degree,free/reduced,completed,51,72,79,62.0625,62.0625
male,group E,high school,standard,none,84,73,69,81.890625,81.890625
male,group C,bachelor's degree,standard,completed,71,74,68,71.109375,71.109375
male,group C,associate's degree,standard,none,74,73,67,74.234375,74.234375
male,group D,some college,standard,none,68,59,62,67.953125,67.953125
male,group E,high school,free/reduced,completed,57,56,54,59.984375,59.984375
female,group C,associate's degree,free/reduced,completed,82,93,93,77.84375,77.84375
female,group D,high school,standard,completed,57,58,64,52.90625,52.90625
female,group D,master's degree,free/reduced,completed,47,58,67,49.25,49.25
female,group A,some high school,standard,completed,59,85,80,71.640625,71.640625
male,group B,some college,free/reduced,none,41,39,34,40.125,40.125
female,group C,some college,free/reduced,none,62,67,62,53.46875,53.46875
male,group C,bachelor's degree,standard,none,86,83,86,89.640625,89.640625
male,group C,some high school,free/reduced,none,69,71,65,69.3125,69.3125
male,group A,some high school,free/reduced,none,65,59,53,58.453125,58.453125
male,group C,some high school,free/reduced,none,68,63,54,59.453125,59.453125
male,group C,associate's degree,free/reduced,none,64,66,59,63.03125,63.03125
female,group C,high school,standard,none,61,72,70,64.15625,64.15625
male,group C,high school,standard,none,61,56,55,62.421875,62.421875
female,group A,some high school,free/reduced,none,47,59,50,43.359375,43.359375
male,group C,some high school,standard,none,73,66,66,72.609375,72.609375
male,group C,some college,free/reduced,completed,50,48,53,52.09375,52.09375
male,group D,associate's degree,standard,none,75,68,64,70.578125,70.578125
male,group D,associate's degree,free/reduced,none,75,66,73,72.953125,72.953125
male,group C,high school,standard,none,70,56,51,59.484375,59.484375
male,group D,some high school,standard,completed,89,88,82,85.75,85.75
female,group C,some college,standard,completed,67,81,79,69.515625,69.515625
female,group D,high school,standard,none,78,81,80,73.21875,73.21875
female,group A,some high school,free/reduced,none,59,73,69,60.453125,60.453125
female,group B,associate's degree,standard,none,73,83,76,70.84375,70.84375
male,group A,some high school,free/reduced,none,79,82,73,78.359375,78.359375
female,group C,some high school,standard,completed,67,74,77,66.25,66.25
male,group D,some college,free/reduced,none,69,66,60,64.390625,64.390625
male,group C,high school,standard,completed,86,81,80,83.109375,83.109375
male,group B,high school,standard,none,47,46,42,51.25,51.25
male,group B,associate's degree,standard,none,81,73,72,78.515625,78.515625
female,group C,some college,free/reduced,completed,64,85,85,71.09375,71.09375
female,group E,some college,standard,none,100,92,97,93.859375,93.859375
female,group C,associate's degree,free/reduced,none,65,77,74,63.625,63.625
male,group C,some college,free/reduced,none,65,58,49,54.84375,54.84375
female,group C,associate's degree,free/reduced,none,53,61,62,51.171875,51.171875
male,group C,bachelor's degree,free/reduced,none,37,56,47,51.25,51.25
female,group D,bachelor's degree,standard,none,79,89,89,80.015625,80.015625
male,group D,associate's degree,free/reduced,none,53,54,48,51.953125,51.953125
female,group E,bachelor's degree,standard,none,100,100,100,96.21875,96.21875
male,group B,high school,standard,completed,72,65,68,71.296875,71.296875
male,group C,bachelor's degree,free/reduced,none,53,58,55,57.546875,57.546875
male,group B,some college,free/reduced,none,54,54,45,51.609375,51.609375
female,group E,some college,standard,none,71,70,76,73.453125,73.453125
female,group C,some college,free/reduced,none,77,90,91,79.9375,79.9375
male,group A,bachelor's degree,standard,completed,75,58,62,63.6875,63.6875
female,group C,some college,standard,none,84,87,91,82.984375,82.984375
female,group D,associate's degree,free/reduced,none,26,31,38,26.453125,26.453125
male,group A,high school,free/reduced,completed,72,67,65,65.859375,65.859375
female,group A,high school,free/reduced,completed,77,88,85,72.390625,72.390625
male,group C,some college,standard,none,91,74,76,81.953125,81.953125
female,group C,associate's degree,standard,completed,83,85,90,77.515625,77.515625
female,group C,high school,standard,none,63,69,74,66.359375,66.359375
female,group C,associate's degree,standard,completed,68,86,84,73.375,73.375
female,group D,some high school,standard,none,59,67,61,56.0,56.0
female,group B,associate's degree,standard,completed,90,90,91,80.0625,80.0625
female,group D,bachelor's degree,standard,completed,71,76,83,69.3125,69.3125
male,group E,bachelor's degree,standard,completed,76,62,66,72.21875,72.21875
male,group D,associate's degree,standard,none,80,68,72,76.40625,76.40625
female,group D,master's degree,standard,none,55,64,70,59.859375,59.859375
male,group E,associate's degree,standard,none,76,71,67,79.109375,79.109375
male,group B,high school,standard,completed,73,71,68,72.6875,72.6875
female,group D,associate's degree,free/reduced,none,52,59,56,46.046875,46.046875
male,group C,some college,free/reduced,none,68,68,61,65.90625,65.90625
male,group A,high school,standard,none,59,52,46,55.578125,55.578125
female,group B,associate's degree,standard,none,49,52,54,47.625,47.625
male,group C,high school,standard,none,70,74,71,78.234375,78.234375
male,group D,some college,free/reduced,none,61,47,56,57.109375,57.109375
female,group C,associate's degree,free/reduced,none,60,75,74,63.15625,63.15625
male,group B,some high school,standard,completed,64,53,57,60.359375,60.359375
male,group A,associate's degree,free/reduced,completed,79,82,82,80.859375,80.859375
female,group A,associate's degree,free/reduced,none,65,85,76,67.59375,67.59375
female,group C,associate's degree,standard,none,64,64,70,61.421875,61.421875
female,group C,some college,standard,none,83,83,90,81.328125,81.328125
female,group C,bachelor's degree,standard,none,81,88,90,80.8125,80.8125
female,group B,high school,standard,none,54,64,68,61.46875,61.46875
male,group D,high school,standard,completed,68,64,66,68.671875,68.671875
female,group C,some college,standard,none,54,48,52,45.515625,45.515625
female,group D,some college,free/reduced,completed,59,78,76,62.609375,62.609375
female,group B,some high school,standard,none,66,69,68,62.484375,62.484375
male,group E,some college,standard,none,76,71,72,83.671875,83.671875
female,group D,master's degree,standard,none,74,79,82,72.09375,72.09375
female,group B,associate's degree,standard,completed,94,87,92,80.09375,80.09375
male,group C,some college,free/reduced,none,63,61,54,59.171875,59.171875
female,group E,associate's degree,standard,completed,95,89,92,85.25,85.25
female,group D,master's degree,free/reduced,none,40,59,54,43.328125,43.328125
female,group B,some high school,standard,none,82,82,80,74.25,74.25
male,group A,high school,standard,none,68,70,66,74.328125,74.328125
male,group B,bachelor's degree,free/reduced,none,55,59,54,57.671875,57.671875
male,group C,master's degree,standard,none,79,78,77,81.40625,81.40625
female,group C,bachelor's degree,standard,none,86,92,87,79.546875,79.546875
male,group D,some college,standard,none,76,71,73,78.765625,78.765625
male,group A,some high school,standard,none,64,50,43,52.796875,52.796875
male,group D,some high school,free/reduced,none,62,49,52,54.453125,54.453125
female,group B,some high school,standard,completed,54,61,62,52.953125,52.953125
female,group B,master's degree,free/reduced,completed,77,97,94,78.90625,78.90625
female,group C,some high school,standard,completed,76,87,85,75.09375,75.09375
female,group D,some college,standard,none,74,89,84,78.03125,78.03125
female,group E,some college,standard,completed,66,74,73,68.859375,68.859375
female,group D,some high school,standard,completed,66,78,78,67.609375,67.609375
female,group B,high school,free/reduced,completed,67,78,79,65.703125,65.703125
male,group D,some college,standard,none,71,49,52,58.359375,58.359375
female,group C,associate's degree,standard,none,91,86,84,76.703125,76.703125
male,group D,bachelor's degree,standard,none,69,58,57,62.421875,62.421875
male,group C,master's degree,free/reduced,none,54,59,50,53.609375,53.609375
male,group C,high school,standard,completed,53,52,49,53.796875,53.796875
male,group E,some college,standard,none,68,60,59,71.640625,71.640625
male,group C,some high school,free/reduced,completed,56,61,60,60.03125,60.03125
female,group C,high school,free/reduced,none,36,53,43,36.359375,36.359375
female,group D,bachelor's degree,free/reduced,none,29,41,47,34.578125,34.578125
female,group C,associate's degree,standard,none,62,74,70,63.734375,63.734375
female,group C,associate's degree,standard,completed,68,67,73,60.96875,60.96875
female,group C,some high school,standard,none,47,54,53,47.453125,47.453125
male,group E,associate's degree,standard,completed,62,61,58,66.90625,66.90625
female,group E,associate's degree,standard,completed,79,88,94,86.484375,86.484375
male,group B,high school,standard,completed,73,69,68,72.21875,72.21875
female,group C,bachelor's degree,free/reduced,completed,66,83,83,67.515625,67.515625
male,group C,associate's degree,standard,completed,51,60,58,61.328125,61.328125
female,group D,high school,standard,none,51,66,62,56.625,56.625
male,group E,bachelor's degree,standard,completed,85,66,71,76.796875,76.796875
male,group A,associate's degree,standard,completed,97,92,86,89.796875,89.796875
male,group C,high school,standard,completed,75,69,68,71.578125,71.578125
male,group D,associate's degree,free/reduced,completed,79,82,80,78.4375,78.4375
female,group C,associate's degree,standard,none,81,77,79,70.984375,70.984375
female,group D,associate's degree,standard,none,82,95,89,82.140625,82.140625
female,group D,master's degree,standard,none,64,63,66,56.71875,56.71875
male,group E,some high school,free/reduced,completed,78,83,80,85.046875,85.046875
female,group A,some high school,standard,completed,92,100,97,87.5,87.5
male,group C,high school,standard,completed,72,67,64,68.203125,68.203125
female,group C,high school,free/reduced,none,62,67,64,54.90625,54.90625
male,group C,master's degree,standard,none,79,72,69,74.1875,74.1875
male,group C,some high school,free/reduced,none,79,76,65,70.46875,70.46875
male,group B,bachelor's degree,free/reduced,completed,87,90,88,86.3125,86.3125
female,group B,associate's degree,standard,none,40,48,50,43.796875,43.796875
male,group D,some college,free/reduced,none,77,62,64,66.390625,66.390625
male,group E,associate's degree,standard,none,53,45,40,53.390625,53.390625
female,group C,some college,free/reduced,none,32,39,33,25.84375,25.84375
female,group C,associate's degree,standard,completed,55,72,79,66.5,66.5
male,group C,master's degree,free/reduced,none,61,67,66,67.125,67.125
female,group B,associate's degree,free/reduced,none,53,70,70,59.734375,59.734375
male,group D,some high school,standard,none,73,66,62,69.390625,69.390625
female,group D,some college,standard,completed,74,75,79,67.8125,67.8125
female,group C,some college,standard,none,63,74,74,67.578125,67.578125
male,group C,bachelor's degree,standard,completed,96,90,92,92.3125,92.3125
female,group D,some college,free/reduced,completed,63,80,80,65.984375,65.984375
male,group B,bachelor's degree,free/reduced,none,48,51,46,50.0,50.0
male,group B,associate's degree,standard,none,48,43,45,51.875,51.875
female,group E,bachelor's degree,free/reduced,completed,92,100,100,89.1875,89.1875
female,group D,master's degree,free/reduced,completed,61,71,78,60.28125,60.28125
male,group B,high school,free/reduced,none,63,48,47,51.65625,51.65625
male,group D,bachelor's degree,free/reduced,none,68,68,67,68.3125,68.3125
male,group B,some college,standard,completed,71,75,70,75.09375,75.09375
male,group A,bachelor's degree,standard,none,91,96,92,97.671875,97.671875
female,group C,some college,standard,none,53,62,56,51.671875,51.671875
female,group C,high school,free/reduced,completed,50,66,64,51.328125,51.328125
female,group E,high school,standard,none,74,81,71,72.296875,72.296875
male,group A,associate's degree,free/reduced,completed,40,55,53,53.46875,53.46875
male,group A,some college,standard,completed,61,51,52,56.4375,56.4375
female,group B,high school,standard,none,81,91,89,83.03125,83.03125
female,group B,some college,free/reduced,completed,48,56,58,45.328125,45.328125
female,group D,master's degree,standard,none,53,61,68,57.703125,57.703125
female,group D,some high school,standard,none,81,97,96,88.453125,88.453125
female,group E,some high school,standard,none,77,79,80,78.265625,78.265625
female,group D,bachelor's degree,free/reduced,none,63,73,78,64.578125,64.578125
female,group D,associate's degree,standard,completed,73,75,80,67.640625,67.640625
female,group D,some college,standard,none,69,77,77,70.140625,70.140625
female,group C,associate's degree,standard,none,65,76,76,68.578125,68.578125
female,group A,high school,standard,none,55,73,73,67.234375,67.234375
female,group C,bachelor's degree,free/reduced,none,44,63,62,50.890625,50.890625
female,group C,some college,standard,none,54,64,65,58.671875,58.671875
female,group A,some high school,standard,none,48,66,65,59.625,59.625
male,group C,some college,free/reduced,none,58,57,54,58.25,58.25
male,group A,some high school,standard,none,71,62,50,60.6875,60.6875
male,group E,bachelor's degree,standard,none,68,68,64,75.484375,75.484375
female,group E,high school,standard,none,74,76,73,72.609375,72.609375
female,group C,bachelor's degree,standard,completed,92,100,99,86.8125,86.8125
female,group C,bachelor's degree,standard,completed,56,79,72,62.28125,62.28125
male,group B,high school,free/reduced,none,30,24,15,22.75,22.75
male,group A,some high school,standard,none,53,54,48,57.359375,57.359375
female,group D,high school,standard,none,69,77,73,67.203125,67.203125
female,group D,some high school,standard,none,65,82,81,74.046875,74.046875
female,group D,master's degree,standard,none,54,60,63,53.828125,53.828125
female,group C,high school,standard,none,29,29,30,25.03125,25.03125
female,group E,some college,standard,none,76,78,80,78.203125,78.203125
male,group D,high school,free/reduced,none,60,57,51,55.71875,55.71875
male,group D,master's degree,free/reduced,completed,84,89,90,86.09375,86.09375
male,group C,some high school,standard,none,75,72,62,71.078125,71.078125
female,group C,associate's degree,standard,none,85,84,82,74.796875,74.796875
female,group C,master's degree,free/reduced,none,40,58,54,43.390625,43.390625
female,group E,some college,standard,none,61,64,62,61.828125,61.828125
female,group B,associate's degree,standard,none,58,63,65,58.1875,58.1875
male,group D,some college,free/reduced,completed,69,60,63,61.859375,61.859375
female,group C,some college,standard,none,58,59,66,58.265625,58.265625
male,group C,bachelor's degree,standard,completed,94,90,91,91.578125,91.578125
female,group C,associate's degree,standard,none,65,77,74,67.328125,67.328125
female,group A,associate's degree,standard,none,82,93,93,85.546875,85.546875
female,group C,high school,standard,none,60,68,72,64.6875,64.6875
female,group E,bachelor's degree,standard,none,37,45,38,38.296875,38.296875
male,group D,bachelor's degree,standard,none,88,78,83,86.0,86.0
male,group D,master's degree,standard,none,95,81,84,86.90625,86.90625
male,group C,associate's degree,free/reduced,completed,65,73,68,67.90625,67.90625
female,group C,high school,free/reduced,none,35,61,54,46.21875,46.21875
male,group B,bachelor's degree,free/reduced,none,62,63,56,60.078125,60.078125
male,group C,high school,free/reduced,completed,58,51,52,52.03125,52.03125
male,group A,some college,standard,completed,100,96,86,91.640625,91.640625
female,group E,bachelor's degree,free/reduced,none,61,58,62,55.078125,55.078125
male,group D,some college,standard,completed,100,97,99,100.390625,100.390625
male,group B,associate's degree,free/reduced,completed,69,70,63,64.1875,64.1875
male,group D,associate's degree,standard,none,61,48,46,52.828125,52.828125
male,group D,some college,free/reduced,none,49,57,46,52.109375,52.109375
female,group C,some high school,standard,completed,44,51,55,44.890625,44.890625
male,group D,some college,standard,none,67,64,70,74.953125,74.953125
male,group B,high school,standard,none,79,60,65,71.25,71.25
female,group B,bachelor's degree,standard,completed,66,74,81,68.328125,68.328125
female,group C,high school,standard,none,75,88,85,78.796875,78.796875
male,group D,some high school,standard,none,84,84,80,86.6875,86.6875
male,group A,high school,standard,none,71,74,64,73.796875,73.796875
female,group B,high school,free/reduced,completed,67,80,81,67.609375,67.609375
female,group D,some high school,standard,completed,80,92,88,78.140625,78.140625
male,group E,some college,standard,none,86,76,74,86.265625,86.265625
female,group D,associate's degree,standard,none,76,74,73,65.640625,65.640625
male,group D,high school,standard,none,41,52,51,58.28125,58.28125
female,group D,associate's degree,free/reduced,completed,74,88,90,74.21875,74.21875
female,group B,some high school,free/reduced,none,72,81,79,69.578125,69.578125
female,group E,high school,standard,completed,74,79,80,75.0625,75.0625
male,group B,high school,standard,none,70,65,60,68.765625,68.765625
female,group B,bachelor's degree,standard,completed,65,81,81,69.9375,69.9375
female,group D,associate's degree,standard,none,59,70,65,58.859375,58.859375
female,group E,high school,free/reduced,none,64,62,68,62.0,62.0
female,group B,high school,standard,none,50,53,55,49.46875,49.46875
female,group D,some college,standard,completed,69,79,81,70.203125,70.203125
male,group C,some high school,free/reduced,completed,51,56,53,53.78125,53.78125
female,group A,high school,standard,completed,68,80,76,67.6875,67.6875
female,group D,some college,standard,completed,85,86,98,84.21875,84.21875
female,group A,associate's degree,standard,completed,65,70,74,63.046875,63.046875
female,group B,some high school,standard,none,73,79,79,72.84375,72.84375
female,group B,some college,standard,none,62,67,67,61.484375,61.484375
male,group C,associate's degree,free/reduced,none,77,67,64,66.921875,66.921875
male,group D,some high school,standard,none,69,66,61,68.671875,68.671875
female,group D,associate's degree,free/reduced,none,43,60,58,47.734375,47.734375
male,group D,associate's degree,standard,none,90,87,85,90.28125,90.28125
male,group C,some college,free/reduced,none,74,77,73,76.734375,76.734375
male,group C,some high school,standard,none,73,66,63,70.421875,70.421875
female,group D,some college,free/reduced,none,55,71,69,59.203125,59.203125
female,group C,high school,standard,none,65,69,67,61.265625,61.265625
male,group D,associate's degree,standard,none,80,63,63,68.6875,68.6875
female,group C,some high school,free/reduced,completed,50,60,60,46.90625,46.90625
female,group C,some college,free/reduced,completed,63,73,71,58.109375,58.109375
female,group B,bachelor's degree,free/reduced,none,77,85,87,74.84375,74.84375
male,group C,some college,standard,none,73,74,61,71.015625,71.015625
male,group D,associate's degree,standard,completed,81,72,77,77.65625,77.65625
female,group C,high school,free/reduced,none,66,76,68,59.890625,59.890625
male,group D,associate's degree,free/reduced,none,52,57,50,54.109375,54.109375
female,group C,some college,standard,none,69,78,76,69.953125,69.953125
female,group C,associate's degree,standard,completed,65,84,84,72.921875,72.921875
female,group D,high school,standard,completed,69,77,78,67.515625,67.515625
female,group B,some college,standard,completed,50,64,66,56.734375,56.734375
female,group E,some college,standard,completed,73,78,76,71.984375,71.984375
female,group C,some high school,standard,completed,70,82,76,67.375,67.375
male,group D,associate's degree,free/reduced,none,81,75,78,78.671875,78.671875
male,group D,some college,free/reduced,none,63,61,60,63.234375,63.234375
female,group D,high school,standard,none,67,72,74,66.765625,66.765625
male,group B,high school,standard,none,60,68,60,69.46875,69.46875
male,group B,high school,standard,none,62,55,54,62.078125,62.078125
female,group C,some high school,free/reduced,completed,29,40,44,30.625,30.625
male,group B,some college,standard,completed,62,66,68,71.5625,71.5625
female,group E,master's degree,standard,completed,94,99,100,92.140625,92.140625
male,group E,some college,standard,completed,85,75,68,78.34375,78.34375
male,group D,associate's degree,free/reduced,none,77,78,73,75.734375,75.734375
male,group A,high school,free/reduced,none,53,58,44,51.796875,51.796875
male,group E,some college,free/reduced,none,93,90,83,92.359375,92.359375
female,group C,associate's degree,standard,none,49,53,53,46.484375,46.484375
female,group E,associate's degree,free/reduced,none,73,76,78,71.65625,71.65625
female,group C,bachelor's degree,free/reduced,completed,66,74,81,63.984375,63.984375
female,group D,associate's degree,standard,none,77,77,73,66.328125,66.328125
female,group C,some high school,standard,none,49,63,56,51.734375,51.734375
female,group D,some college,free/reduced,none,79,89,86,75.765625,75.765625
female,group C,associate's degree,standard,completed,75,82,90,76.828125,76.828125
female,group A,bachelor's degree,standard,none,59,72,70,63.1875,63.1875
female,group D,associate's degree,standard,completed,57,78,79,67.609375,67.609375
male,group C,high school,free/reduced,none,66,66,59,63.90625,63.90625
female,group E,bachelor's degree,standard,completed,79,81,82,75.375,75.375
female,group B,some high school,standard,none,57,67,72,64.953125,64.953125
male,group A,bachelor's degree,standard,completed,87,84,87,87.9375,87.9375
female,group D,some college,standard,none,63,64,67,59.84375,59.84375
female,group B,some high school,free/reduced,completed,59,63,64,51.15625,51.15625
male,group A,bachelor's degree,free/reduced,none,62,72,65,68.71875,68.71875
male,group D,high school,standard,none,46,34,36,43.171875,43.171875
male,group C,some college,standard,none,66,59,52,60.953125,60.953125
male,group D,high school,standard,none,89,87,79,86.796875,86.796875
female,group D,associate's degree,free/reduced,completed,42,61,58,44.640625,44.640625
male,group C,some college,standard,completed,93,84,90,91.125,91.125
female,group E,some high school,standard,completed,80,85,85,79.96875,79.96875
female,group D,some college,standard,none,98,100,99,91.5,91.5
male,group D,master's degree,standard,none,81,81,84,86.90625,86.90625
female,group B,some high school,standard,completed,60,70,74,63.78125,63.78125
female,group B,associate's degree,free/reduced,completed,76,94,87,74.359375,74.359375
male,group C,associate's degree,standard,completed,73,78,72,75.703125,75.703125
female,group C,associate's degree,standard,completed,96,96,99,86.625,86.625
female,group C,high school,standard,none,76,76,74,67.984375,67.984375
male,group E,associate's degree,free/reduced,completed,91,73,80,82.0,82.0
female,group C,some college,free/reduced,none,62,72,70,60.46875,60.46875
male,group D,some high school,free/reduced,completed,55,59,59,58.546875,58.546875
female,group B,some high school,free/reduced,completed,74,90,88,74.890625,74.890625
male,group C,high school,standard,none,50,48,42,51.078125,51.078125
male,group B,some college,standard,none,47,43,41,49.890625,49.890625
male,group E,some college,standard,completed,81,74,71,80.296875,80.296875
female,group E,associate's degree,standard,completed,65,75,77,71.078125,71.078125
male,group E,some high school,standard,completed,68,51,57,64.59375,64.59375
female,group D,high school,free/reduced,none,73,92,84,74.96875,74.96875
male,group C,some college,standard,none,53,39,37,45.390625,45.390625
female,group B,associate's degree,free/reduced,completed,68,77,80,65.3125,65.3125
male,group A,some high school,free/reduced,none,55,46,43,48.15625,48.15625
female,group C,some college,standard,completed,87,89,94,82.296875,82.296875
male,group D,some high school,standard,none,55,47,44,51.890625,51.890625
female,group E,some college,free/reduced,none,53,58,57,53.09375,53.09375
male,group C,master's degree,standard,none,67,57,59,63.421875,63.421875
male,group C,associate's degree,standard,none,92,79,84,88.015625,88.015625
female,group B,some college,free/reduced,completed,53,66,73,58.578125,58.578125
male,group D,associate's degree,standard,none,81,71,73,77.828125,77.828125
male,group C,high school,free/reduced,none,61,60,55,59.609375,59.609375
male,group D,bachelor's degree,standard,none,80,73,72,76.828125,76.828125
female,group A,associate's degree,free/reduced,none,37,57,56,46.546875,46.546875
female,group C,high school,standard,none,81,84,82,75.6875,75.6875
female,group C,associate's degree,standard,completed,59,73,72,61.625,61.625
male,group B,some college,free/reduced,none,55,55,47,53.3125,53.3125
male,group D,associate's degree,standard,none,72,79,74,80.40625,80.40625
male,group D,high school,standard,none,69,75,71,78.171875,78.171875
male,group C,some college,standard,none,69,64,68,73.765625,73.765625
female,group C,bachelor's degree,free/reduced,none,50,60,59,48.0,48.0
male,group B,some college,standard,completed,87,84,86,88.84375,88.84375
male,group D,some high school,standard,completed,71,69,68,71.140625,71.140625
male,group E,some college,standard,none,68,72,65,78.796875,78.796875
male,group C,master's degree,free/reduced,completed,79,77,75,72.671875,72.671875
female,group C,some high school,standard,completed,77,90,85,75.78125,75.78125
male,group C,associate's degree,free/reduced,none,58,55,53,56.125,56.125
female,group E,associate's degree,standard,none,84,95,92,89.953125,89.953125
male,group D,some college,standard,none,55,58,52,60.453125,60.453125
male,group E,bachelor's degree,free/reduced,completed,70,68,72,74.265625,74.265625
female,group D,some college,free/reduced,completed,52,59,65,50.1875,50.1875
male,group B,some college,standard,completed,69,77,77,80.65625,80.65625
female,group C,high school,free/reduced,none,53,72,64,56.0625,56.0625
female,group D,some high school,standard,none,48,58,54,48.8125,48.8125
male,group D,some high school,standard,completed,78,81,86,87.046875,87.046875
female,group B,high school,standard,none,62,62,63,57.375,57.375
male,group D,some college,standard,none,60,63,59,66.703125,66.703125
female,group B,high school,standard,none,74,72,72,66.25,66.25
female,group C,high school,standard,completed,58,75,77,66.609375,66.609375
male,group B,high school,standard,completed,76,62,60,64.765625,64.765625
female,group D,some high school,standard,none,68,71,75,67.125,67.125
male,group A,some college,free/reduced,none,58,60,57,61.78125,61.78125
male,group B,high school,standard,none,52,48,49,56.828125,56.828125
male,group D,bachelor's degree,standard,none,75,73,74,78.28125,78.28125
female,group B,some high school,free/reduced,completed,52,67,72,57.90625,57.90625
female,group C,bachelor's degree,free/reduced,none,62,78,79,66.765625,66.765625
male,group B,some college,standard,none,66,65,60,68.8125,68.8125
female,group B,some high school,free/reduced,none,49,58,55,46.765625,46.765625
female,group B,high school,standard,none,66,72,70,64.796875,64.796875
female,group C,some college,free/reduced,none,35,44,43,34.296875,34.296875
female,group A,some college,standard,completed,72,79,82,71.890625,71.890625
male,group E,associate's degree,standard,completed,94,85,82,89.953125,89.953125
female,group D,associate's degree,free/reduced,none,46,56,57,46.078125,46.078125
female,group B,master's degree,standard,none,77,90,84,77.015625,77.015625
female,group B,high school,free/reduced,completed,76,85,82,69.5,69.5
female,group C,associate's degree,standard,completed,52,59,62,51.09375,51.09375
male,group C,bachelor's degree,standard,completed,91,81,79,80.75,80.75
female,group B,some high school,standard,completed,32,51,44,37.515625,37.515625
female,group E,some high school,free/reduced,none,72,79,77,72.359375,72.359375
female,group B,some college,standard,none,19,38,32,29.265625,29.265625
male,group C,associate's degree,free/reduced,none,68,65,61,64.265625,64.265625
female,group C,master's degree,free/reduced,none,52,65,61,50.109375,50.109375
female,group B,high school,standard,none,48,62,60,55.1875,55.1875
female,group D,some college,free/reduced,none,60,66,70,58.796875,58.796875
male,group D,high school,free/reduced,none,66,74,69,72.78125,72.78125
male,group E,some high school,standard,completed,89,84,77,86.8125,86.8125
female,group B,high school,standard,none,42,52,51,46.3125,46.3125
female,group E,associate's degree,free/reduced,completed,57,68,73,62.828125,62.828125
male,group D,high school,standard,none,70,70,70,76.296875,76.296875
female,group E,associate's degree,free/reduced,none,70,84,81,75.703125,75.703125
male,group E,some college,standard,none,69,60,54,67.984375,67.984375
female,group C,associate's degree,standard,none,52,55,57,49.859375,49.859375
male,group C,some high school,standard,completed,67,73,68,72.359375,72.359375
male,group C,some high school,standard,completed,76,80,73,77.625,77.625
female,group E,associate's degree,standard,none,87,94,95,91.921875,91.921875
female,group B,some college,standard,none,82,85,87,80.21875,80.21875
female,group C,some college,standard,none,73,76,78,70.953125,70.953125
male,group A,some college,free/reduced,none,75,81,74,79.03125,79.03125
female,group D,some college,free/reduced,none,64,74,75,64.296875,64.296875
female,group E,high school,free/reduced,none,41,45,40,37.65625,37.65625
male,group C,high school,standard,none,90,75,69,77.015625,77.015625
male,group B,bachelor's degree,standard,none,59,54,51,58.046875,58.046875
male,group A,some high school,standard,none,51,31,36,43.296875,43.296875
male,group A,high school,free/reduced,none,45,47,49,52.890625,52.890625
female,group C,master's degree,standard,completed,54,64,67,54.640625,54.640625
male,group E,some high school,standard,completed,87,84,76,86.078125,86.078125
female,group C,high school,standard,none,72,80,83,75.46875,75.46875
male,group B,some high school,standard,completed,94,86,87,89.859375,89.859375
female,group A,bachelor's degree,standard,none,45,59,64,55.796875,55.796875
male,group D,bachelor's degree,free/reduced,completed,61,70,76,72.0,72.0
female,group B,high school,free/reduced,none,60,72,68,59.609375,59.609375
female,group C,some high school,standard,none,77,91,88,81.53125,81.53125
female,group A,some high school,standard,completed,85,90,92,81.546875,81.546875
female,group D,bachelor's degree,free/reduced,none,78,90,93,79.4375,79.4375
male,group E,some college,free/reduced,completed,49,52,51,56.90625,56.90625
female,group B,high school,free/reduced,none,71,87,82,73.296875,73.296875
female,group C,some high school,free/reduced,none,48,58,52,43.9375,43.9375
male,group C,high school,standard,none,62,67,58,67.140625,67.140625
female,group C,associate's degree,free/reduced,completed,56,68,70,55.296875,55.296875
female,group C,some high school,standard,none,65,69,76,67.6875,67.6875
female,group D,some high school,free/reduced,completed,69,86,81,67.921875,67.921875
male,group B,some high school,standard,none,68,54,53,61.0,61.0
female,group A,some college,free/reduced,none,61,60,57,48.859375,48.859375
female,group C,bachelor's degree,free/reduced,completed,74,86,89,72.59375,72.59375
male,group A,bachelor's degree,standard,none,64,60,58,64.5625,64.5625
female,group B,high school,standard,completed,77,82,89,77.625,77.625
male,group B,some college,standard,none,58,50,45,54.40625,54.40625
female,group C,high school,standard,completed,60,64,74,61.875,61.875
male,group E,high school,standard,none,73,64,57,71.046875,71.046875
female,group A,high school,standard,completed,75,82,79,70.34375,70.34375
male,group B,associate's degree,free/reduced,completed,58,57,53,53.90625,53.90625
female,group C,associate's degree,standard,none,66,77,73,66.609375,66.609375
female,group D,high school,free/reduced,none,39,52,46,38.015625,38.015625
male,group C,some high school,standard,none,64,58,51,59.828125,59.828125
female,group B,high school,free/reduced,completed,23,44,36,26.484375,26.484375
male,group B,some college,free/reduced,completed,74,77,76,76.21875,76.21875
female,group D,some high school,free/reduced,completed,40,65,64,50.671875,50.671875
male,group E,master's degree,standard,none,90,85,84,93.46875,93.46875
male,group C,master's degree,standard,completed,91,85,85,85.53125,85.53125
male,group D,high school,standard,none,64,54,50,58.015625,58.015625
female,group C,high school,standard,none,59,72,68,62.6875,62.6875
male,group D,associate's degree,standard,none,80,75,69,75.828125,75.828125
male,group C,master's degree,standard,none,71,67,67,71.578125,71.578125
female,group A,high school,standard,none,61,68,63,58.78125,58.78125
female,group E,some college,standard,none,87,85,93,89.296875,89.296875
male,group E,some high school,standard,none,82,67,61,74.546875,74.546875
male,group C,some high school,standard,none,62,64,55,64.125,64.125
female,group B,bachelor's degree,standard,none,97,97,96,87.90625,87.90625
male,group B,some college,free/reduced,none,75,68,65,69.4375,69.4375
female,group C,bachelor's degree,standard,none,65,79,81,72.171875,72.171875
male,group B,high school,standard,completed,52,49,46,51.546875,51.546875
male,group C,associate's degree,free/reduced,none,87,73,72,74.140625,74.140625
female,group C,associate's degree,standard,none,53,62,53,48.578125,48.578125
female,group E,master's degree,free/reduced,none,81,86,87,79.265625,79.265625
male,group D,bachelor's degree,free/reduced,completed,39,42,38,37.8125,37.8125
female,group C,some college,standard,completed,71,71,80,67.9375,67.9375
male,group C,associate's degree,standard,none,97,93,91,96.359375,96.359375
male,group D,some college,standard,completed,82,82,88,88.90625,88.90625
male,group C,high school,free/reduced,none,59,53,52,55.8125,55.8125
male,group B,associate's degree,standard,none,61,42,41,48.75,48.75
male,group E,associate's degree,free/reduced,completed,78,74,72,76.40625,76.40625
male,group C,associate's degree,free/reduced,none,49,51,51,53.734375,53.734375
male,group B,high school,standard,none,59,58,47,57.6875,57.6875
female,group C,some college,standard,completed,70,72,76,65.25,65.25
male,group B,associate's degree,standard,completed,82,84,78,82.109375,82.109375
male,group E,associate's degree,free/reduced,none,90,90,82,90.703125,90.703125
female,group C,bachelor's degree,free/reduced,none,43,62,61,49.9375,49.9375
male,group C,some college,free/reduced,none,80,64,66,68.609375,68.609375
male,group D,some college,standard,none,81,82,84,89.328125,89.328125
male,group C,some high school,standard,none,57,61,54,62.703125,62.703125
female,group D,some high school,standard,none,59,72,80,71.0,71.0
female,group D,associate's degree,standard,none,64,76,74,66.8125,66.8125
male,group C,bachelor's degree,standard,completed,63,64,66,67.34375,67.34375
female,group E,bachelor's degree,standard,completed,71,70,70,64.078125,64.078125
female,group B,high school,free/reduced,none,64,73,71,62.03125,62.03125
male,group D,bachelor's degree,free/reduced,none,55,46,44,46.453125,46.453125
female,group E,associate's degree,standard,none,51,51,54,52.078125,52.078125
female,group C,associate's degree,standard,completed,62,76,80,68.15625,68.15625
female,group E,associate's degree,standard,completed,93,100,95,89.984375,89.984375
male,group C,high school,free/reduced,none,54,72,59,65.296875,65.296875
female,group D,some college,free/reduced,none,69,65,74,61.453125,61.453125
male,group D,high school,free/reduced,none,44,51,48,52.140625,52.140625
female,group E,some college,standard,completed,86,85,91,84.53125,84.53125
female,group E,associate's degree,standard,none,85,92,85,84.171875,84.171875
female,group A,master's degree,free/reduced,none,50,67,73,59.984375,59.984375
male,group D,some high school,standard,completed,88,74,75,77.40625,77.40625
female,group E,associate's degree,standard,none,59,62,69,65.578125,65.578125
female,group E,some high school,free/reduced,none,32,34,38,33.515625,33.515625
male,group B,high school,free/reduced,none,36,29,27,32.65625,32.65625
female,group B,some high school,free/reduced,completed,63,78,79,65.5625,65.5625
male,group D,associate's degree,standard,completed,67,54,63,63.296875,63.296875
female,group D,some high school,standard,completed,65,78,82,70.53125,70.53125
male,group D,master's degree,standard,none,85,84,89,91.25,91.25
female,group C,master's degree,standard,none,73,78,74,66.3125,66.3125
female,group A,high school,free/reduced,completed,34,48,41,31.046875,31.046875
female,group D,bachelor's degree,free/reduced,completed,93,100,100,83.53125,83.53125
female,group D,some high school,free/reduced,none,67,84,84,72.984375,72.984375
male,group D,some college,standard,none,88,77,77,83.0625,83.0625
male,group B,high school,standard,none,57,48,51,58.28125,58.28125
female,group D,some college,standard,completed,79,84,91,78.640625,78.640625
female,group C,bachelor's degree,free/reduced,none,67,75,72,60.953125,60.953125
male,group E,bachelor's degree,standard,completed,70,64,70,75.59375,75.59375
male,group D,bachelor's degree,free/reduced,none,50,42,48,48.4375,48.4375
female,group A,some college,standard,none,69,84,82,76.390625,76.390625
female,group C,bachelor's degree,standard,completed,52,61,66,53.734375,53.734375
female,group C,bachelor's degree,free/reduced,completed,47,62,66,50.265625,50.265625
female,group B,associate's degree,free/reduced,none,46,61,55,46.71875,46.71875
female,group E,some college,standard,none,68,70,66,66.140625,66.140625
male,group E,bachelor's degree,standard,completed,100,100,100,105.796875,105.796875
female,group C,high school,standard,none,44,61,52,48.484375,48.484375
female,group C,associate's degree,standard,completed,57,77,80,68.375,68.375
male,group B,some college,standard,completed,91,96,91,95.265625,95.265625
male,group D,high school,free/reduced,none,69,70,67,70.390625,70.390625
female,group C,high school,free/reduced,none,35,53,46,38.546875,38.546875
male,group D,high school,standard,none,72,66,66,72.453125,72.453125
female,group B,associate's degree,free/reduced,none,54,65,65,54.921875,54.921875
male,group D,high school,free/reduced,none,74,70,69,71.84375,71.84375
male,group E,some high school,standard,completed,74,64,60,69.796875,69.796875
male,group E,associate's degree,free/reduced,none,64,56,52,60.96875,60.96875
female,group D,high school,free/reduced,completed,65,61,71,55.0,55.0
male,group E,associate's degree,free/reduced,completed,46,43,44,48.8125,48.8125
female,group C,some high school,free/reduced,none,48,56,51,42.734375,42.734375
male,group C,some college,free/reduced,completed,67,74,70,70.5,70.5
male,group D,some college,free/reduced,none,62,57,62,63.765625,63.765625
male,group D,associate's degree,free/reduced,completed,61,71,73,70.796875,70.796875
male,group C,bachelor's degree,free/reduced,completed,70,75,74,72.0,72.0
male,group C,associate's degree,standard,completed,98,87,90,90.90625,90.90625
male,group D,some college,free/reduced,none,70,63,58,62.265625,62.265625
male,group A,associate's degree,standard,none,67,57,53,60.984375,60.984375
female,group E,high school,free/reduced,none,57,58,57,53.0625,53.0625
male,group D,some college,standard,completed,85,81,85,86.484375,86.484375
male,group D,some high school,standard,completed,77,68,69,71.640625,71.640625
male,group C,master's degree,free/reduced,completed,72,66,72,67.9375,67.9375
female,group D,master's degree,standard,none,78,91,96,85.0625,85.0625
male,group C,high school,standard,none,81,66,64,71.296875,71.296875
male,group A,some high school,free/reduced,completed,61,62,61,61.65625,61.65625
female,group B,high school,standard,none,58,68,61,57.3125,57.3125
female,group C,associate's degree,standard,none,54,61,58,51.984375,51.984375
male,group B,high school,standard,none,82,82,80,87.28125,87.28125
female,group D,some college,free/reduced,none,49,58,60,49.640625,49.640625
male,group B,some high school,free/reduced,completed,49,50,52,52.296875,52.296875
female,group E,high school,free/reduced,completed,57,75,73,65.3125,65.3125
male,group E,high school,standard,none,94,73,71,83.359375,83.359375
female,group D,some college,standard,completed,75,77,83,71.1875,71.1875
female,group E,some high school,free/reduced,none,74,74,72,67.5625,67.5625
male,group C,high school,standard,completed,58,52,54,57.4375,57.4375
female,group C,some college,standard,none,62,69,69,62.765625,62.765625
male,group E,associate's degree,standard,none,72,57,62,72.203125,72.203125
male,group C,some college,standard,none,84,87,81,88.578125,88.578125
female,group D,master's degree,standard,none,92,100,100,90.0625,90.0625
female,group D,high school,standard,none,45,63,59,53.75,53.75
male,group C,high school,standard,none,75,81,71,79.859375,79.859375
female,group A,some college,standard,none,56,58,64,57.234375,57.234375
female,group D,some high school,free/reduced,none,48,54,53,43.4375,43.4375
female,group E,associate's degree,standard,none,100,100,100,96.953125,96.953125
female,group C,some high school,free/reduced,completed,65,76,75,61.546875,61.546875
male,group D,some college,standard,none,72,57,58,64.59375,64.59375
female,group D,some college,standard,none,62,70,72,64.875,64.875
male,group A,some high school,standard,completed,66,68,64,68.953125,68.953125
male,group C,some college,standard,none,63,63,60,67.734375,67.734375
female,group E,associate's degree,standard,none,68,76,67,67.359375,67.359375
female,group B,bachelor's degree,standard,none,75,84,80,73.234375,73.234375
female,group D,bachelor's degree,standard,none,89,100,100,90.578125,90.578125
male,group C,some high school,standard,completed,78,72,69,72.859375,72.859375
female,group A,high school,free/reduced,completed,53,50,60,45.359375,45.359375
female,group D,some college,free/reduced,none,49,65,61,51.984375,51.984375
female,group A,some college,standard,none,54,63,67,60.578125,60.578125
female,group C,some college,standard,completed,64,82,77,68.28125,68.28125
male,group B,some college,free/reduced,completed,60,62,60,61.078125,61.078125
male,group C,associate's degree,standard,none,62,65,58,65.796875,65.796875
male,group D,high school,standard,completed,55,41,48,50.21875,50.21875
female,group C,associate's degree,standard,none,91,95,94,86.078125,86.078125
female,group B,high school,free/reduced,none,8,24,23,15.703125,15.703125
male,group D,some high school,standard,none,81,78,78,83.84375,83.84375
male,group B,some high school,standard,completed,79,85,86,88.90625,88.90625
female,group A,some college,standard,completed,78,87,91,80.3125,80.3125
female,group C,some high school,standard,none,74,75,82,73.453125,73.453125
male,group A,high school,standard,none,57,51,54,61.171875,61.171875
female,group C,associate's degree,standard,none,40,59,51,46.390625,46.390625
male,group E,some high school,standard,completed,81,75,76,84.0,84.0
female,group A,some high school,free/reduced,none,44,45,45,36.46875,36.46875
female,group D,some college,free/reduced,completed,67,86,83,69.5625,69.5625
male,group E,high school,free/reduced,completed,86,81,75,81.078125,81.078125
female,group B,some high school,standard,completed,65,82,78,69.46875,69.46875
female,group D,associate's degree,free/reduced,none,55,76,76,64.546875,64.546875
female,group D,bachelor's degree,free/reduced,none,62,72,74,61.421875,61.421875
male,group A,high school,standard,none,63,63,62,69.796875,69.796875
female,group E,master's degree,standard,completed,88,99,95,88.5,88.5
male,group C,high school,free/reduced,none,62,55,55,58.453125,58.453125
female,group C,high school,free/reduced,completed,59,71,65,53.21875,53.21875
female,group D,some college,standard,completed,68,78,77,67.046875,67.046875
female,group D,some college,free/reduced,none,77,86,86,75.0625,75.0625
